1, j, i, _2, , w, e, ng, _1, , f, u, _2, , l, i, _3, , d, uo, _1
 , j, i, _1, , *, a, n, _1, , f, u, _2, , l, i, _3, , d, uo, 
 ,  ,  , S (T), , D (O), S (N), S (C),  , ,  ,  ,  , ,  ,  ,  , ,  ,  , S (T)
2, f, e, n, _1, , b, i, _3
 , f, e, n, _1, , b, i, 
 ,  ,  ,  ,  , ,  ,  , S (T)
3, m, i, _3, , k, e, _4, , s, e, n, _1
 , m, i, _3, , *, *, *, , g, o, ng, 
 ,  ,  ,  , , D (O), D (N), D (T), , S (O), S (N), S (C), S (T)
4, l, i, n, _2, , q, iao, _2, , d, e, _2
 , l, i, n, _2, , j, e, _4, , d, e, 
 ,  ,  ,  ,  , , S (O), S (N), S (T), ,  ,  , S (T)
5, n, i, _2, , s, uo, _3, , t, e, _4
 , n, i, _2, , s, uo, _3, , t, e, 
 ,  ,  ,  , ,  ,  ,  , ,  ,  , S (T)
6, h, a, _1, , f, u, _2, , l, i, _3
 , h, a, _1, , f, u, _2, , l, i, 
 ,  ,  ,  , ,  ,  ,  , ,  ,  , S (T)
7, l, ai, _2, , g, e, _2
 , e, r, _3, , g, e, 
 , S (O), S (N), S (T), ,  ,  , S (T)
8, ao, _4, , t, e, ng, _2, , b, a, _4, , g, e, _2
 , ao, _4, , t, e, ng, _2, , b, a, _4, , g, e, 
 ,  ,  , ,  ,  ,  ,  , ,  ,  ,  , ,  ,  , S (T)
9, *, *, *, , m, ai, _4, , k, e, _1, , l, i, n, _2
 , m, u, _3, , k, e, _4, , k, e, _4, , l, i, n, 
 , I (O), I (N), I (T), , S (O), S (N),  , ,  ,  , S (T), ,  ,  ,  , S (T)
10, l, i, _4, , b, a, _4, , g, e, _2
 , l, i, _4, , b, a, _4, , g, e, 
 ,  ,  ,  , ,  ,  ,  , ,  ,  , S (T)
11, w, ei, _1, , g, e, _2, , m, o, _4, , e, r, _3
 , w, ei, _2, , g, e, _2, , m, o, _4, , l, ei, 
 ,  ,  , S (T), ,  ,  ,  , ,  ,  ,  , , S (N), S (C), S (T)
12, p, ei, _4, , *, *, *, , t, i, ng, _2, , j, i, _2, , e, r, _3
 , p, ei, _4, , t, e, _4, , t, i, ng, _2, , j, i, _2, , e, r, 
 ,  ,  ,  , , I (O), I (N), I (T), ,  ,  ,  ,  , ,  ,  ,  , ,  ,  , S (T)
13, b, a, _4, , e, r, _3
 , b, a, _4, , e, r, 
 ,  ,  ,  , ,  ,  , S (T)
14, w, u, _3, , e, r, _3, , m, a, n, _4
 , w, u, _3, , *, *, *, , m, a, n, 
 ,  ,  ,  , , D (N), D (C), D (T), ,  ,  ,  , S (T)
15, m, ei, _2, , b, i, _3
 , m, a, _3, , b, i, 
 ,  , S (N), S (T), ,  ,  , S (T)
16, ai, _1, , e, r, _3, , f, ei, _1, , k, e, _4
 , ai, _1, , e, r, _3, , f, ei, _1, , k, e, 
 ,  ,  , ,  ,  ,  , ,  ,  ,  , ,  ,  , S (T)
17, a, _1, , l, i, _4, , s, e, n, _1
 , a, _1, , l, i, _4, , s, e, n, 
 ,  ,  , ,  ,  ,  , ,  ,  ,  , S (T)
18, d, e, _2, , p, a, _4, , e, r, _3, , m, a, _3
 , d, e, _2, , p, a, _4, , e, r, _3, , m, a, 
 ,  ,  ,  , ,  ,  ,  , ,  ,  ,  , ,  ,  , S (T)
19, l, uo, _2, , l, a, n, _2, , z, i, _1
 , l, uo, _2, , l, a, n, _2, , s, i, 
 ,  ,  ,  , ,  ,  ,  ,  , , S (O),  , S (T)
20, k, e, _1, , e, r, _3, , t, e, _4, , l, i, n, _2
 , k, e, _4, , e, r, _3, , t, e, _4, , l, i, n, 
 ,  ,  , S (T), ,  ,  ,  , ,  ,  ,  , ,  ,  ,  , S (T)
21, y, i, _1, , k, e, _4, , l, i, n, _2
 , y, i, _1, , k, e, _4, , l, i, n, 
 ,  ,  ,  , ,  ,  ,  , ,  ,  ,  , S (T)
22, k, e, _1, , *, *, *, , f, e, n, _1
 , k, e, _4, , f, u, _2, , f, e, n, 
 ,  ,  , S (T), , I (O), I (N), I (T), ,  ,  ,  , S (T)
23, *, *, *, , *, *, *, , sh, e, ng, _4, , f, u, _2, , l, ai, _4, , y, i, n, _1
 , s, ai, _4, , e, n, _1, , t, e, *, _4, , f, u, _2, , l, ei, _2, , *, e, n, 
 , I (O), I (N), I (T), , I (N), I (C), I (T), , S (O),  , D (C),  , ,  ,  ,  , ,  , S (N), S (T), , D (O), S (N),  , S (T)
24, s, i, _1, , t, ai, _4, , e, r, _3
 , s, i, _1, , t, e, _4, , e, r, 
 ,  ,  ,  , ,  , S (N),  , ,  ,  , S (T)
25, m, i, _3, , t, a, _3, , g, e, _2, , t, e, _4
 , m, ei, _2, , t, a, _3, , g, e, _2, , t, e, 
 ,  , S (N), S (T), ,  ,  ,  , ,  ,  ,  , ,  ,  , S (T)
26, l, a, _1, , sh, e, n, _2, , m, a, n, _4
 , l, a, _1, , sh, *, e-n, _2, , m, a, n, 
 ,  ,  ,  , ,  , D (N), S (C),  , ,  ,  ,  , S (T)
27, d, i, _4, , e, r, _3, , *, *, *, , m, a, n, _4
 , d, i, _2, , e, r, _3, , t, e, _4, , m, a, n, 
 ,  ,  , S (T), ,  ,  ,  , , I (O), I (N), I (T), ,  ,  ,  , S (T)
28, l, i, _3, , y, e, _1, , s, i, _1, , g, e, _1
 , l, i, _4, , *, *, *, , s, i, _1, , g, e, 
 ,  ,  , S (T), , D (O), D (N), D (T), ,  ,  ,  , ,  ,  , S (T)
29, f, ei, _4, , l, i, n, _2
 , f, ei, _1, , l, i, n, 
 ,  ,  , S (T), ,  ,  ,  , S (T)
30, b, a, n, _1, , t, a, _3
 , b, a, n, _1, , t, a, 
 ,  ,  ,  ,  , ,  ,  , S (T)
31, l, u, _2, , p, o, _4
 , l, u, _2, , p, o, 
 ,  ,  ,  , ,  ,  , S (T)
32, f, a, _3, , l, ei, _1
 , f, a, _3, , l, a, 
 ,  ,  ,  , ,  , S (N), S (T)
33, a, _1, , k, e, _4, , s, i, _1, , t, a, n, _3
 , a, _1, , k, e, _4, , s, i, _1, , t, y-i, n, 
 ,  ,  , ,  ,  ,  , ,  ,  ,  , ,  , S (N),  , S (T)
34, y, i, _1, , f, e, ng, _2
 , y, i, _1, , w, e, n, 
 ,  ,  ,  , , S (O),  , S (C), S (T)
35, g, e, _2, , l, ei, _2, , g, e, _2, , s, e, n, _1
 , g, e, _2, , l, ei, _2, , g, e, _2, , s, e, n, 
 ,  ,  ,  , ,  ,  ,  , ,  ,  ,  , ,  ,  ,  , S (T)
36, b, u, _4, , l, u, _3, , e, _4, , m, u, _3
 , b, u, _4, , l, u, _3, , j, _1, , m, u, 
 ,  ,  ,  , ,  ,  ,  , , S (N), S (T), ,  ,  , S (T)
37, d, e, _2, , m, ei, _2, , y, ue, _1
 , d, e, _2, , m, ai, _4, , *, ao, 
 ,  ,  ,  , ,  , S (N), S (T), , D (O), S (N), S (T)
38, n, i, _2, , k, e, _1, , e, r, _3, , s, e, n, _1
 , n, i, _2, , q, iao, _2, , e, r, _3, , s, e, n, 
 ,  ,  ,  , , S (O), S (N), S (T), ,  ,  ,  , ,  ,  ,  , S (T)
39, w, e, n, _1, , s, ai, _4, , e, r, _3
 , w, e, n, _1, , s, i, _1, , e, r, 
 ,  ,  ,  ,  , ,  , S (N), S (T), ,  ,  , S (T)
40, m, o, _4, , e, r, _3, , d, e, ng, _1
 , m, a, _3, , e, r, _3, , d, e, ng, 
 ,  , S (N), S (T), ,  ,  ,  , ,  ,  ,  , S (T)
41, k, a, n, _3, , t, e, _4, , l, i, _3, , e, r, _3
 , k, a, n, _3, , t, e, _4, , l, i, _1, , e, r, 
 ,  ,  ,  ,  , ,  ,  ,  , ,  ,  , S (T), ,  ,  , S (T)
42, n, a, _4, , k, e, _4, , l, ei, _2, , l, i, _4
 , n, a, _4, , k, e, _4, , l, ei, _2, , l, i, 
 ,  ,  ,  , ,  ,  ,  , ,  ,  ,  , ,  ,  , S (T)
43, b, a, _4, , h, uo, _4, , p, u, _3
 , b, a, _4, , h, uo, _4, , p, u, 
 ,  ,  ,  , ,  ,  ,  , ,  ,  , S (T)
44, m, ai, _4, , j, ia, _1, , b, e, n, _3
 , m, u, _3, , j, ia, _1, , b, a, n, 
 ,  , S (N), S (T), ,  ,  ,  , ,  , S (N),  , S (T)
45, ai, _1, , f, u, _2, , l, i, _4
 , ai, _1, , f, u, _2, , l, i, 
 ,  ,  , ,  ,  ,  , ,  ,  , S (T)
46, n, i, _2, , k, e, _1, , e, r, _3, , s, e, n, _1
 , n, i, _2, , k, e, _4, , e, r, _3, , s, e, n, 
 ,  ,  ,  , ,  ,  , S (T), ,  ,  ,  , ,  ,  ,  , S (T)
47, l, uo, _2, , l, i, n, _2, , s, e, n, _1
 , l, a, _1, , l, i, n, _2, , s, e, n, 
 ,  , S (N), S (T), ,  ,  ,  ,  , ,  ,  ,  , S (T)
48, h, a, n, _4, , *, *, *, , f, u, _2, , l, ai, _2
 , h, *, e, _4, , m, u, _3, , f, u, _2, , l, i, 
 ,  , D (N), S (C),  , , I (O), I (N), I (T), ,  ,  ,  , ,  , S (N), S (T)
49, t, a, _3, , p, u, _3, , l, i, _4
 , t, a, _3, , p, u, _3, , l, i, 
 ,  ,  ,  , ,  ,  ,  , ,  ,  , S (T)
50, l, ei, _2
 , l, i, 
 ,  , S (N), S (T)
51, m, e, ng, _2, , q, iao, _2
 , m, e, ng, _2, , q, iao, 
 ,  ,  ,  ,  , ,  ,  , S (T)
52, h, a, n, _4, , n, i, _2, , s, i, _1
 , h, a, n, _4, , n, i, _2, , s, i, 
 ,  ,  ,  ,  , ,  ,  ,  , ,  ,  , S (T)
53, h, e, ng, _1, , *, *, *, , b, a, _4, , t, e, _4
 , h, e, *, _4, , m, u, _3, , b, a, _4, , t, e, 
 ,  ,  , D (C), S (T), , I (O), I (N), I (T), ,  ,  ,  , ,  ,  , S (T)
54, k, e, _1, , l, u, n, _2
 , k, e, _4, , l, u, n, 
 ,  ,  , S (T), ,  ,  ,  , S (T)
55, d, ai, _4, , b, ei, _4, , e, r, _3
 , d, ai, _4, , b, ei, _4, , e, r, 
 ,  ,  ,  , ,  ,  ,  , ,  ,  , S (T)
56, ai, _1, , f, u, _2, , l, uo, _2, , s, i, _1
 , ai, _1, , f, u, _2, , l, uo, _2, , s, i, 
 ,  ,  , ,  ,  ,  , ,  ,  ,  , ,  ,  , S (T)
57, b, a, _4, , g, e, _2, , h, ao, _2, , s, i, _1
 , b, a, _4, , g, e, _2, , h, ao, _2, , s, i, 
 ,  ,  ,  , ,  ,  ,  , ,  ,  ,  , ,  ,  , S (T)
58, m, ai, _4, , j, i, _1, , w, e, ng, _1
 , m, u, _3, , k, e, _4, , *, a, n, 
 ,  , S (N), S (T), , S (O), S (N), S (T), , D (O), S (N), S (C), S (T)
59, s, a, _4, , m, u, _3, , l, uo, _2, , e, r, _3
 , s, a, _4, , m, u, _3, , l, a, _1, , e, r, 
 ,  ,  ,  , ,  ,  ,  , ,  , S (N), S (T), ,  ,  , S (T)
60, l, uo, _4, , f, u, _2
 , l, uo, _2, , f, u, 
 ,  ,  , S (T), ,  ,  , S (T)
61, f, u, _2, , *, *, *, , k, e, _4, , s, i, _1
 , f, u, _2, , e, r, _3, , k, e, _4, , s, i, 
 ,  ,  ,  , , I (N), I (C), I (T), ,  ,  ,  , ,  ,  , S (T)
62, y, i, _1, , z, uo, _3
 , y, i, _1, , z, uo, 
 ,  ,  ,  , ,  ,  , S (T)
63, y, i, _1, , f, u, _1, , l, i, n, _2
 , *, ai, _1, , f, u, _2, , l, i, n, 
 , D (O), S (N),  , ,  ,  , S (T), ,  ,  ,  , S (T)
64, e, n, _1, , b, i, _4
 , *, ai, _1, , p, i, 
 , D (N), S (C),  , , S (O),  , S (T)
65, j, ie, _2, , m, a, _3, , e, r, _3, , d, e, _2
 , g, e, _2, , m, a, _3, , e, r, _3, , d, e, 
 , S (O), S (N),  , ,  ,  ,  , ,  ,  ,  , ,  ,  , S (T)
66, ao, _4, , t, e, ng, _2
 , ao, _4, , t, e, ng, 
 ,  ,  , ,  ,  ,  , S (T)
67, m, ei, _2, , l, u, _2, , j, i, n, _1
 , m, ei, _2, , l, u, _3, , j, i, n, 
 ,  ,  ,  , ,  ,  , S (T), ,  ,  ,  , S (T)
68, *, *, *, , l, ao, _2, , s, i, _1
 , l, a, _1, , w, ei, _2, , s, i, 
 , I (O), I (N), I (T), , S (O), S (N),  , ,  ,  , S (T)
69, p, ei, _4, , n, a, _4
 , p, ei, _4, , n, a, 
 ,  ,  ,  , ,  ,  , S (T)
70, l, i, n, _2, , d, e, _2, , g, e, n, _1
 , l, i, n, _2, , d, e, _2, , g, e, n, 
 ,  ,  ,  ,  , ,  ,  ,  , ,  ,  ,  , S (T)
71, k, a, _3, , w, ei, _2, , s, i, _1
 , k, a, _3, , f, u, _1, , s, i, 
 ,  ,  ,  , , S (O), S (N), S (T), ,  ,  , S (T)
72, f, ei, _4, , sh, e, _3
 , f, ei, _4, , sh, e, 
 ,  ,  ,  , ,  ,  , S (T)
73, l, i, _4, , s, i, _1, , l, i, _4
 , l, i, _4, , s, i, _1, , l, i, 
 ,  ,  ,  , ,  ,  ,  , ,  ,  , S (T)
74, k, e, _1, , s, i, _1, , t, e, _4, , l, a, _1, , n, i, _2, , c, i, _2
 , k, e, _4, , s, i, _1, , t, e, _4, , l, a, _1, , n, ei, _4, , c, i, 
 ,  ,  , S (T), ,  ,  ,  , ,  ,  ,  , ,  ,  ,  , ,  , S (N), S (T), ,  ,  , S (T)
75, s, i, _1, , t, e, _4, , l, a, _1, , t, e, _4, , n, a, _4
 , s, i, _1, , t, e, _4, , l, a, _1, , t, e, _4, , n, a, 
 ,  ,  ,  , ,  ,  ,  , ,  ,  ,  , ,  ,  ,  , ,  ,  , S (T)
76, ai, _4, , y, a, _4, , e, r, _3
 , ai, _1, , y, i, _1, , *, a, 
 ,  , S (T), ,  , S (N), S (T), , D (N), S (C), S (T)
77, *, *, *, , m, ai, _4, , k, e, _4, , l, a, _1, , k, e, n, _3
 , m, u, _3, , k, e, _4, , k, e, _4, , l, a, _1, , k, e, n, 
 , I (O), I (N), I (T), , S (O), S (N),  , ,  ,  ,  , ,  ,  ,  , ,  ,  ,  , S (T)
78, g, e, _2, , l, ei, _2, , s, i, _1, , e, r, _3
 , g, e, _2, , l, ei, _2, , s, i, _1, , e, r, 
 ,  ,  ,  , ,  ,  ,  , ,  ,  ,  , ,  ,  , S (T)
79, l, a, n, _2, , p, u, _3, , e, r, _3
 , l, a, *, _1, , m, u, _3, , p, u, 
 ,  ,  , D (C), S (T), , S (O),  ,  , , S (N), S (C), S (T)
80, g, ai, _4, , e, r, _3, , s, i, _1
 , j, ia, _1, , e, r, _3, , s, i, 
 , S (O), S (N), S (T), ,  ,  ,  , ,  ,  , S (T)
81, s, i, _1, , t, e, _4, , p, a, _4, , n, i, _2, , k, e, _4
 , s, i, _1, , t, e, _4, , p, a, _4, , n, ei, _4, , k, e, 
 ,  ,  ,  , ,  ,  ,  , ,  ,  ,  , ,  , S (N), S (T), ,  ,  , S (T)
82, x, i, _1, , l, i, _4
 , x, i, _1, , l, i, 
 ,  ,  ,  , ,  ,  , S (T)
83, g, e, _1, , d, e, _2, , s, uo, _3
 , g, e, _2, , d, e, _2, , s, uo, 
 ,  ,  , S (T), ,  ,  ,  , ,  ,  , S (T)
84, d, i, _2, , y, a, _4, , s, i, _1
 , d, i, _2, , *, *, *, , s, i, 
 ,  ,  ,  , , D (O), D (N), D (T), ,  ,  , S (T)
85, t, ai, _4, , t, e, _4, , l, ei, _1
 , t, ai, _4, , t, e, _4, , l, ei, 
 ,  ,  ,  , ,  ,  ,  , ,  ,  , S (T)
86, j, i, _2, , l, i, n, _2
 , j, i, _1, , l, i, n, 
 ,  ,  , S (T), ,  ,  ,  , S (T)
87, k, a, _3, , s, i, _1, , l, ai, _2, , k, e, _4
 , k, a, _3, , sh, e-n, _2, , l, a, _1, , k, e, 
 ,  ,  ,  , , S (O), S (N), S (T), ,  , S (N), S (T), ,  ,  , S (T)
88, f, u, _2, , x, i, _1
 , f, u, _2, , x, i, 
 ,  ,  ,  , ,  ,  , S (T)
89, k, ui, _2, , s, i, _1, , d, u, n, _4
 , k, ui, _2, , s, i, _1, , d, u, n, 
 ,  ,  ,  , ,  ,  ,  , ,  ,  ,  , S (T)
90, b, u, _4, , l, i, _3, , d, e, _2, , b, o, _1, , t, e, _4
 , b, u, _4, , l, i, _1, , *, *, *, , b, o, _1, , t, e, 
 ,  ,  ,  , ,  ,  , S (T), , D (O), D (N), D (T), ,  ,  ,  , ,  ,  , S (T)
91, f, u, _2, , s, ai, _4, , t, e, _4
 , f, u, _2, , x, i, _1, , t, e, 
 ,  ,  ,  , , S (O), S (N), S (T), ,  ,  , S (T)
92, l, uo, _4, , w, e, n, _2, , s, i, _1
 , l, uo, _2, , w, e, n, _2, , s, i, 
 ,  ,  , S (T), ,  ,  ,  ,  , ,  ,  , S (T)
93, l, uo, _2, , k, e, _4
 , l, uo, _2, , k, e, 
 ,  ,  ,  , ,  ,  , S (T)
94, n, uo, _4, , k, e, _4, , s, i, _1
 , k, e, _4, , n, uo, _4, , k, e, 
 , S (O), S (N),  , , S (O), S (N),  , , S (O), S (N), S (T)
95, g, e, _1, , *, *, *, , g, e, _2, , l, ai, _2, , x, i, _1, , e, r, _3
 , g, e, _2, , e, r, _3, , g, e, _2, , l, a, _1, , x, i, _1, , e, r, 
 ,  ,  , S (T), , I (N), I (C), I (T), ,  ,  ,  , ,  , S (N), S (T), ,  ,  ,  , ,  ,  , S (T)
96, h, uo, _4, , k, e, n, _3
 , h, a, _1, , k, e, n, 
 ,  , S (N), S (T), ,  ,  ,  , S (T)
97, y, i, _1, , f, u, _1, , s, i, _1
 , *, ai, _1, , f, u, _2, , s, i, 
 , D (O), S (N),  , ,  ,  , S (T), ,  ,  , S (T)
98, k, e, _1, , c, e, ng, _2, , s, i, _1
 , k, e, _4, , c, e, n, _2, , s, i, 
 ,  ,  , S (T), ,  ,  , S (C),  , ,  ,  , S (T)
99, h, ai, _3, , g, u, _3, , d, e, _2
 , h, ai, _3, , g, u, _3, , d, e, 
 ,  ,  ,  , ,  ,  ,  , ,  ,  , S (T)
100, m, i, _3, , x, ie, _1, , e, r, _3, , m, o, _4, , e, r, _3
 , m, i, _3, , q, ie, _1, , e, r, _3, , m, o, _4, , l, ei, 
 ,  ,  ,  , , S (O),  ,  , ,  ,  ,  , ,  ,  ,  , , S (N), S (C), S (T)
101, b, a, _1, , z, i, _1, , e, r, _3
 , b, a, _4, , x, i, _1, , e, r, 
 ,  ,  , S (T), , S (O),  ,  , ,  ,  , S (T)
102, j, ia, _3, , ai, _1, , m, o, _4
 , j, i, _1, , ai, _4, , m, o, 
 ,  , S (N), S (T), ,  , S (T), ,  ,  , S (T)
103, b, e, n, _3, , n, i, _2
 , b, e, n, _3, , n, i, 
 ,  ,  ,  ,  , ,  ,  , S (T)
104, n, ei, _4, , ao, _4, , m, i, _3
 , n, i, _2, , *, *, , m, i, 
 ,  , S (N), S (T), , D (N), D (T), ,  ,  , S (T)
105, q, ie, _1, , *, *, *, , l, uo, _4
 , q, ie, _1, , e, r, _3, , l, uo, 
 ,  ,  ,  , , I (N), I (C), I (T), ,  ,  , S (T)
106, h, a, _1, , k, e, _4
 , h, a, _1, , k, e, 
 ,  ,  ,  , ,  ,  , S (T)
107, p, e, ng, _2, , n, i, _2, , f, a, _3, , s, e, _4
 , p, e, ng, _2, , n, ei, _4, , f, a, _3, , s, e, 
 ,  ,  ,  ,  , ,  , S (N), S (T), ,  ,  ,  , ,  ,  , S (T)
108, x, i, _1, , n, i, _2, , f, ei, _1, , e, r, _3, , d, e, _2
 , x, ie, _4, , n, ei, _4, , f, ei, _1, , e, r, _3, , d, e, 
 ,  , S (N), S (T), ,  , S (N), S (T), ,  ,  ,  , ,  ,  ,  , ,  ,  , S (T)
109, k, e, _4, , l, uo, _4, , s, i, _1
 , k, e, _4, , l, uo, _2, , s, i, 
 ,  ,  ,  , ,  ,  , S (T), ,  ,  , S (T)
110, j, i, _1, , e, r, _3, , l, i, _3
 , j, i, _1, , *, *, *, , l, i, 
 ,  ,  ,  , , D (N), D (C), D (T), ,  ,  , S (T)
111, w, o, _4, , e, r, _3, , n, a, _4
 , w, a, _3, , e, r, _3, , n, a, 
 ,  , S (N), S (T), ,  ,  ,  , ,  ,  , S (T)
112, d, i, _4, , b, a, _4, , e, r, _3, , t, e, _4
 , d, i, _2, , b, a, _4, , e, r, _3, , t, e, 
 ,  ,  , S (T), ,  ,  ,  , ,  ,  ,  , ,  ,  , S (T)
113, s, i, _1, , k, a, _3, , l, a, _1
 , s, i, _1, , k, a, _3, , l, a, 
 ,  ,  ,  , ,  ,  ,  , ,  ,  , S (T)
114, f, ei, _4, , l, i, _3, , x, i, _1
 , f, a, _3, , l, i, _1, , x, i, 
 ,  , S (N), S (T), ,  ,  , S (T), ,  ,  , S (T)
115, l, uo, _4, , b, u, _4, , l, a, _1, , n, uo, _4
 , l, i, _4, , b, u, _4, , l, a, _1, , n, uo, 
 ,  , S (N),  , ,  ,  ,  , ,  ,  ,  , ,  ,  , S (T)
116, b, u, _4, , l, u, _3, , y, i, _1, , t, e, _4
 , b, u, _4, , l, ei, _2, , w, ei, _2, , t, e, 
 ,  ,  ,  , ,  , S (N), S (T), , S (O), S (N), S (T), ,  ,  , S (T)
117, s, ai, _4, , l, ei, _1, , s, i, _1
 , s, i, _1, , l, ei, _1, , s, i, 
 ,  , S (N), S (T), ,  ,  ,  , ,  ,  , S (T)
118, m, ai, _4, , k, e, _4, , x, ia, _4, , e, n, _1
 , m, u, _3, , k, e, _4, , s, i, _1, , x, i, 
 ,  , S (N), S (T), ,  ,  ,  , , S (O), S (N), S (T), , S (N),  , S (T)
119, h, e, _4, , w, ei, _2
 , h, e, _4, , f, u, 
 ,  ,  ,  , , S (O), S (N), S (T)
120, y, ou, _2, , l, i, _4, , ao, _4
 , *, *, *, , *, e, _4, , l, 
 , D (O), D (N), D (T), , D (O), S (N),  , , S (N), S (T)
121, d, e, _2, , l, uo, _2, , b, u, _4
 , d, e, _2, , l, uo, _2, , b, u, 
 ,  ,  ,  , ,  ,  ,  , ,  ,  , S (T)
122, b, a, _4, , d, e, ng, _1
 , b, a, _4, , d, e, ng, 
 ,  ,  ,  , ,  ,  ,  , S (T)
123, y, i, _1, , w, ei, _1, , t, e, _4
 , y, i, _1, , f, u, _2, , t, e, 
 ,  ,  ,  , , S (O), S (N), S (T), ,  ,  , S (T)
124, b, u, _4, , e, r, _3, , *, *, *, , d, uo, _1
 , b, a, _4, , e, *, _4, , d, i, _2, , *, e, 
 ,  , S (N),  , ,  , D (C), S (T), , I (O), I (N), I (T), , D (O), S (N), S (T)
125, m, a, _3, , d, i, _4, , k, ai, _3, , n, i, ng, _2
 , m, a, _3, , d, i, _2, , j, i, _1, , n, e, n, 
 ,  ,  ,  , ,  ,  , S (T), , S (O), S (N), S (T), ,  , S (N), S (C), S (T)
126, x, i, _1, , n, i, _2
 , x, i, _1, , d, e, 
 ,  ,  ,  , , S (O), S (N), S (T)
127, l, ei, _2, , n, a, _4, , g, e, _2, , e, r, _3
 , l, ei, _2, , n, a, _4, , g, i, _1, , e, r, 
 ,  ,  ,  , ,  ,  ,  , ,  , S (N), S (T), ,  ,  , S (T)
128, s, uo, _3, , d, u, n, _4
 , s, uo, _3, , d, u, n, 
 ,  ,  ,  , ,  ,  ,  , S (T)
129, d, e, _2, , l, ao, _2
 , d, e, _2, , l, a, 
 ,  ,  ,  , ,  , S (N), S (T)
130, m, ei, _2, , s, i, _1, , f, ei, _1, , e, r, _3, , d, e, _2
 , m, a, _3, , s, i, _1, , f, ei, _1, , e, r, _3, , d, e, 
 ,  , S (N), S (T), ,  ,  ,  , ,  ,  ,  , ,  ,  ,  , ,  ,  , S (T)
131, d, e, _2, , g, e, _2, , l, i, n, _2
 , d, e, _2, , g, i, _1, , l, i, n, 
 ,  ,  ,  , ,  , S (N), S (T), ,  ,  ,  , S (T)
132, b, a, _4, , y, i, _1, , *, *, *, , z, i, _1, , d, u, n, _4
 , b, a, _4, , y, i, _1, , d, e, _2, , s, i, _1, , d, u, n, 
 ,  ,  ,  , ,  ,  ,  , , I (O), I (N), I (T), , S (O),  ,  , ,  ,  ,  , S (T)
133, b, u, _4, , l, ai, _2, , k, e, _4, , *, *, *, , m, o, _4
 , b, u, _4, , l, a, _1, , k, e, _4, , m, a, _3, , e, r, 
 ,  ,  ,  , ,  , S (N), S (T), ,  ,  ,  , , I (O), I (N), I (T), , S (O), S (N), S (T)
134, w, e, n, _1, , *, *, *, , b, a, _4, , e, n, _1
 , w, *, ei, _2, , m, u, _3, , b, a, _4, , *, n, 
 ,  , D (N), S (C), S (T), , I (O), I (N), I (T), ,  ,  ,  , , D (N),  , S (T)
135, k, e, _4, , l, uo, _4, , k, e, _4
 , k, e, _4, , l, uo, _2, , k, e, 
 ,  ,  ,  , ,  ,  , S (T), ,  ,  , S (T)
136, w, ei, _1, , s, i, _1, , k, e, _1, , f, u, _1
 , w, ei, _2, , s, i, _1, , k, e, _4, , f, u, 
 ,  ,  , S (T), ,  ,  ,  , ,  ,  , S (T), ,  ,  , S (T)
137, k, a, _3, , s, i, _1, , d, i, _4, , e, r, _3
 , k, a, _3, , s, i, _1, , d, i, _4, , e, r, 
 ,  ,  ,  , ,  ,  ,  , ,  ,  ,  , ,  ,  , S (T)
138, d, a, _2, , m, i, _3, , t, e, _4
 , d, a, _2, , m, i, _3, , t, e, 
 ,  ,  ,  , ,  ,  ,  , ,  ,  , S (T)
139, g, e, _2, , e, r, _3, , k, e, _4
 , g, e, _2, , *, *, *, , k, e, 
 ,  ,  ,  , , D (N), D (C), D (T), ,  ,  , S (T)
140, s, i, _1, , t, uo, _1, , *, *, *, , k, e, _4, , e, r, _3
 , s, i, _1, , t, uo, _1, , k, e, _4, , k, e, _4, , e, r, 
 ,  ,  ,  , ,  ,  ,  , , I (O), I (N), I (T), ,  ,  ,  , ,  ,  , S (T)
141, h, e, _4, , l, a, _1
 , h, e, _4, , l, a, 
 ,  ,  ,  , ,  ,  , S (T)
142, w, ei, _1, , s, i, _1, , k, a, _3, , l, i, _3
 , w, ei, _2, , s, i, _1, , k, a, _3, , l, i, 
 ,  ,  , S (T), ,  ,  ,  , ,  ,  ,  , ,  ,  , S (T)
143, k, a, _3, , l, i, _4, , s, i, _1
 , k, a, _3, , e, r, _3, , s, i, 
 ,  ,  ,  , , S (O), S (N), S (T), ,  ,  , S (T)
144, h, uo, _4, , l, i, n, _2, , b, ao, _4, , e, r, _3
 , h, uo, _4, , s, e, n, _1, , b, a, _4, , e, r, 
 ,  ,  ,  , , S (O), S (N),  , S (T), ,  , S (N),  , ,  ,  , S (T)
145, w, ei, _2, , n, i, _2, , t, a, _3
 , w, ei, _2, , n, i, _2, , t, a, 
 ,  ,  ,  , ,  ,  ,  , ,  ,  , S (T)
146, a, _1, , l, i, _4, , l, ei, _2, , d, e, _2
 , a, _1, , e, r, _3, , l, ei, _2, , d, e, 
 ,  ,  , , S (O), S (N), S (T), ,  ,  ,  , ,  ,  , S (T)
147, k, e, _4, , l, ai, _2, , m, o, _4
 , k, e, _4, , e, r, _3, , m, o, 
 ,  ,  ,  , , S (O), S (N), S (T), ,  ,  , S (T)
148, f, ei, _1, , j, i, _2
 , f, ei, _4, , j, i, 
 ,  ,  , S (T), ,  ,  , S (T)
149, k, ai, _3, , s, i, _1
 , j, i, _1, , s, i, 
 , S (O), S (N), S (T), ,  ,  , S (T)
150, m, ai, _4, , k, e, _4, , d, a, _2, , f, ei, _1
 , m, u, _3, , k, e, _4, , d, a, _2, , f, ei, 
 ,  , S (N), S (T), ,  ,  ,  , ,  ,  ,  , ,  ,  , S (T)
151, l, u, _2, , q, i, _2, , e, _4, , s, i, _1
 , l, u, _3, , q, i, _2, , e, _4, , s, i, 
 ,  ,  , S (T), ,  ,  ,  , ,  ,  , ,  ,  , S (T)
152, ao, _4, , e, r, _3, , f, u, _2, , l, i, _3
 , a, _1, , e, r, _3, , f, u, _2, , l, i, 
 , S (N), S (T), ,  ,  ,  , ,  ,  ,  , ,  ,  , S (T)
153, k, e, _4, , l, u, _3, , k, e, _4, , x, ia, ng, _1, , k, e, _4
 , k, e, _4, , l, a, _1, , k, e, _4, , sh, a, ng, _4, , k, e, 
 ,  ,  ,  , ,  , S (N), S (T), ,  ,  ,  , , S (O), S (N),  , S (T), ,  ,  , S (T)
154, m, ei, _2, , l, i, _4, , s, i, _1
 , m, ei, _2, , l, i, _1, , s, i, 
 ,  ,  ,  , ,  ,  , S (T), ,  ,  , S (T)
155, m, u, _3, , l, a, _1, , w, e, n, _2, , c, i, _2
 , m, u, _3, , l, a, _1, , w, e, n, _1, , c, i, 
 ,  ,  ,  , ,  ,  ,  , ,  ,  ,  , S (T), ,  ,  , S (T)
156, w, ei, _2, , *, *, *, , x, i, _1
 , f, u, _2, , s, i, _1, , x, i, 
 , S (O), S (N),  , , I (O), I (N), I (T), ,  ,  , S (T)
157, t, e, _4, , s, i, _1, , t, e, _4
 , t, e, _4, , s, i, _1, , t, e, 
 ,  ,  ,  , ,  ,  ,  , ,  ,  , S (T)
158, w, o, _4, , l, i, n, _2
 , w, a, _3, , l, i, n, 
 ,  , S (N), S (T), ,  ,  ,  , S (T)
159, m, a, _3, , s, i, _1, , m, a, n, _4, , n, uo, _4
 , m, a, _3, , s, i, _1, , m, a, n, _4, , n, uo, 
 ,  ,  ,  , ,  ,  ,  , ,  ,  ,  ,  , ,  ,  , S (T)
160, b, u, _4, , l, ai, _2, , k, a, n, _3
 , b, u, _4, , l, a, _1, , k, a, n, 
 ,  ,  ,  , ,  , S (N), S (T), ,  ,  ,  , S (T)
161, y, i, _1, , t, e, _4, , e, r, _3, , s, e, n, _1
 , y, i, _1, , t, e, _4, , e, r, _3, , s, e, n, 
 ,  ,  ,  , ,  ,  ,  , ,  ,  ,  , ,  ,  ,  , S (T)
162, j, i, n, _1, , k, e, _1
 , j, i, n, _1, , k, e, 
 ,  ,  ,  ,  , ,  ,  , S (T)
163, k, ua, _1, , *, *, *, , s, i, _1
 , k, ua, _1, , s, i, _1, , s, i, 
 ,  ,  ,  , , I (O), I (N), I (T), ,  ,  , S (T)
164, l, u, _2, , g, e, _2, , d, e, _2
 , l, u, _3, , g, e, _2, , d, e, 
 ,  ,  , S (T), ,  ,  ,  , ,  ,  , S (T)
165, ai, _4, , l, i, n, _2
 , ai, _1, , l, i, n, 
 ,  , S (T), ,  ,  ,  , S (T)
166, s, i, _1, , w, e, n, _1, , d, u, n, _4
 , s, i, _1, , w, e, n, _1, , d, u, n, 
 ,  ,  ,  , ,  ,  ,  ,  , ,  ,  ,  , S (T)
167, a, _1, , n, a, _4, , s, i, _1, , t, a, _3, , x, i, _1, , y, a, _4
 , a, _1, , n, a, _4, , s, i, _1, , t, a, _3, , x, i, _1, , *, a, 
 ,  ,  , ,  ,  ,  , ,  ,  ,  , ,  ,  ,  , ,  ,  ,  , , D (O),  , S (T)
168, zh, u, _1, , d, a, _2
 , zh, u, _1, , d, a, 
 ,  ,  ,  , ,  ,  , S (T)
169, f, u, _4, , l, i, _3, , j, ia, _1
 , f, u, _2, , l, i, _3, , j, ia, 
 ,  ,  , S (T), ,  ,  ,  , ,  ,  , S (T)
170, ai, _1, , k, e, n, _3, , h, ei, _1, , d, e, _2
 , a, _1, , k, e, n, _3, , h, e, _4, , d, e, 
 , S (N),  , ,  ,  ,  ,  , ,  , S (N), S (T), ,  ,  , S (T)
171, a, n, _1, , d, e, _2, , l, ei, _2, , d, e, _2
 , a, n, _1, , d, e, _2, , l, a, _1, , d, e, 
 ,  ,  ,  , ,  ,  ,  , ,  , S (N), S (T), ,  ,  , S (T)
172, j, i, _1, , e, r, _3, , h, uo, _4, , f, u, _2
 , j, i, _1, , k, *, _4, , h, uo, _4, , f, ei, 
 ,  ,  ,  , ,  , D (C), S (T), ,  ,  ,  , ,  , S (N), S (T)
173, b, a, _4, , l, uo, _4, , s, i, _1
 , b, a, _4, , l, uo, _2, , s, i, 
 ,  ,  ,  , ,  ,  , S (T), ,  ,  , S (T)
174, d, i, _2, , f, u, _2, , s, i, _1
 , d, i, _2, , f, u, _1, , s, i, 
 ,  ,  ,  , ,  ,  , S (T), ,  ,  , S (T)
175, f, a, n, _4, , h, uai, _2, , k, e, _4
 , f, a, n, _4, , w, ei, _2, , k, e, 
 ,  ,  ,  ,  , , S (O), S (N),  , ,  ,  , S (T)
176, k, e, _1, , k, e, _4, , x, i, _1
 , k, e, _4, , k, e, _4, , x, i, 
 ,  ,  , S (T), ,  ,  ,  , ,  ,  , S (T)
177, ao, _4, , t, e, _4, , w, ei, _2
 , ao, _4, , t, e, _4, , w, ei, 
 ,  ,  , ,  ,  ,  , ,  ,  , S (T)
178, k, e, _4, , l, ai, _2, , k, e, _4
 , k, e, _4, , e, r, _3, , k, e, 
 ,  ,  ,  , , S (O), S (N), S (T), ,  ,  , S (T)
179, w, ei, _1, , b, a, _4, , g, e, _2
 , w, ei, _2, , b, a, _4, , g, e, 
 ,  ,  , S (T), ,  ,  ,  , ,  ,  , S (T)
180, g, e, _1, , q, i, _2, , e, r, _3
 , g, e, _2, , x, i, _1, , e, r, 
 ,  ,  , S (T), , S (O),  , S (T), ,  ,  , S (T)
181, f, u, _2, , e, r, _3, , f, e, n, _1
 , f, a, _3, , e, r, _3, , f, a, n, 
 ,  , S (N), S (T), ,  ,  ,  , ,  , S (N),  , S (T)
182, q, iao, _2, , e, r, _3, , d, e, ng, _1
 , q, iao, _2, , e, r, _3, , d, e, ng, 
 ,  ,  ,  , ,  ,  ,  , ,  ,  ,  , S (T)
183, m, ai, _4, , j, i, _2, , *, *, *, , b, e, n, _3
 , m, u, _3, , j, i, _2, , b, u, _4, , b, e, n, 
 ,  , S (N), S (T), ,  ,  ,  , , I (O), I (N), I (T), ,  ,  ,  , S (T)
184, s, i, _1, , p, a, _4, , d, a, _2
 , s, i, _1, , p, a, _4, , d, a, 
 ,  ,  ,  , ,  ,  ,  , ,  ,  , S (T)
185, j, ie, _2, , w, ei, _2, , s, i, _1
 , g, e, _2, , w, a, _3, , s, i, 
 , S (O), S (N),  , ,  , S (N), S (T), ,  ,  , S (T)
186, sh, a, _1, , f, u, _1, , n, a, _4
 , x, a, _4, , f, ei, _1, , n, a, 
 , S (O),  , S (T), ,  , S (N),  , ,  ,  , S (T)
187, s, i, _1, , t, e, _4, , p, u, _3
 , s, i, _1, , t, e, _4, , p, u, 
 ,  ,  ,  , ,  ,  ,  , ,  ,  , S (T)
188, ao, _4, , b, a, _4, , h, uo, _4, , e, r, _3, , z, e, _2
 , ao, _4, , b, a, _4, , h, uo, _4, , e, r, _3, , s, e, 
 ,  ,  , ,  ,  ,  , ,  ,  ,  , ,  ,  ,  , , S (O),  , S (T)
189, w, o, _4, , t, e, _4, , s, i, _1
 , w, a, _3, , t, e, _4, , s, i, 
 ,  , S (N), S (T), ,  ,  ,  , ,  ,  , S (T)
190, k, e, _4, , l, uo, _2
 , k, e, _4, , l, uo, 
 ,  ,  ,  , ,  ,  , S (T)
191, a, _1, , t, e, _4, , w, ei, _2, , e, r, _3
 , a, _1, , t, e, _4, , *, *, *, , e, r, 
 ,  ,  , ,  ,  ,  , , D (O), D (N), D (T), ,  ,  , S (T)
192, w, ei, _2, , t, a, _3, , k, e, _4
 , w, ei, _2, , t, a, _3, , k, e, 
 ,  ,  ,  , ,  ,  ,  , ,  ,  , S (T)
193, l, i, _3, , k, e, _4, , l, ai, _2, , f, u, _1, , s, i, _1
 , l, i, _1, , k, e, _4, , e, r, _3, , f, u, _1, , s, i, 
 ,  ,  , S (T), ,  ,  ,  , , S (O), S (N), S (T), ,  ,  ,  , ,  ,  , S (T)
194, s, i, _1, , t, e, _4, , l, a, _1, , s, i, _1, , k, a, _3, , l, u, n, _2
 , s, i, _1, , t, e, _4, , l, a, _1, , s, i, _1, , k, a, _3, , l, u, n, 
 ,  ,  ,  , ,  ,  ,  , ,  ,  ,  , ,  ,  ,  , ,  ,  ,  , ,  ,  ,  , S (T)
195, k, e, _1, , e, r, _3, , g, ai, _4, , t, e, _4
 , k, e, _4, , e, r, _3, , j, ia, _1, , t, e, 
 ,  ,  , S (T), ,  ,  ,  , , S (O), S (N), S (T), ,  ,  , S (T)
196, k, a, _3, , p, e, ng, _2
 , k, a, _3, , p, a, ng, 
 ,  ,  ,  , ,  , S (N),  , S (T)
197, l, ai, _2, , n, a, _4, , t, e, _4
 , e, r, _3, , n, a, _4, , t, e, 
 , S (O), S (N), S (T), ,  ,  ,  , ,  ,  , S (T)
198, q, ie, _1, , k, e, _4
 , q, ie, _1, , k, e, 
 ,  ,  ,  , ,  ,  , S (T)
199, s, a, _4, , *, *, *, , j, i, n, _1, , t, e, _4
 , s, a, _4, , g, i, _1, , *, a, n, _1, , t, e, 
 ,  ,  ,  , , I (O), I (N), I (T), , D (O), S (N),  ,  , ,  ,  , S (T)
200, x, i, _1, , l, a, _1, , b, i, _3
 , x, i, _1, , l, a, _1, , b, i, 
 ,  ,  ,  , ,  ,  ,  , ,  ,  , S (T)
201, k, ai, _3, , p, o, _4
 , k, u, _4, , p, o, 
 ,  , S (N), S (T), ,  ,  , S (T)
202, d, i, _2, , ai, _1, , s, i, _1
 , d, e, _2, , s, _1, , s, i, 
 ,  , S (N),  , , S (N),  , ,  ,  , S (T)
203, l, u, _3, , f, u, _2
 , l, u, _3, , f, ei, 
 ,  ,  ,  , ,  , S (N), S (T)
204, a, _1, , b, i, _3
 , a, _1, , b, i, 
 ,  ,  , ,  ,  , S (T)
205, ai, _1, , m, i, _3, , *, *, *, , sh, e, n, _1
 , ai, _1, , m, i, _3, , x, i, _1, , *, a, n, 
 ,  ,  , ,  ,  ,  , , I (O), I (N), I (T), , D (O), S (N),  , S (T)
206, n, ai, _4, , s, i, _1, , l, i, _4
 , n, i, _2, , s, i, _1, , l, i, 
 ,  , S (N), S (T), ,  ,  ,  , ,  ,  , S (T)
207, l, u, _2, , f, u, _1, , t, e, _4
 , l, u, _3, , f, u, _2, , t, e, 
 ,  ,  , S (T), ,  ,  , S (T), ,  ,  , S (T)
208, y, i, _1, , s, i, _1, , l, ei, _2, , e, r, _3
 , y, i, _1, , s, i, _1, , l, ei, _1, , e, r, 
 ,  ,  ,  , ,  ,  ,  , ,  ,  , S (T), ,  ,  , S (T)
209, *, *, *, , m, ai, _4, , k, a, _3, , d, u, n, _4
 , m, a, _3, , k, e, _4, , k, a, _3, , d, u, n, 
 , I (O), I (N), I (T), , S (O), S (N),  , ,  ,  ,  , ,  ,  ,  , S (T)
210, f, e, ng, _2, , n, ei, _4, , g, u, _3, , t, e, _4
 , w, e, n, _1, , n, ei, _4, , g, u, _3, , t, e, 
 , S (O),  , S (C), S (T), ,  ,  ,  , ,  ,  ,  , ,  ,  , S (T)
211, ai, _1, , d, e, _2
 , a, _1, , d, e, 
 , S (N),  , ,  ,  , S (T)
212, b, i, _3, , e, r, _3, , d, e, ng, _1
 , b, i, _3, , *, *, *, , d, e, ng, 
 ,  ,  ,  , , D (N), D (C), D (T), ,  ,  ,  , S (T)
213, k, ai, _3, , n, i, _2, , g, e, _2
 , k, e, _4, , n, i, _2, , g, e, 
 ,  , S (N), S (T), ,  ,  ,  , ,  ,  , S (T)
214, k, e, _4, , l, ei, _2, , p, u, _3, , j, i, _1
 , k, e, _4, , l, ai, _2, , p, u, _3, , k, e, 
 ,  ,  ,  , ,  , S (N),  , ,  ,  ,  , , S (O), S (N), S (T)
215, p, e, ng, _2, , s, i, _1
 , p, e, ng, _2, , s, i, 
 ,  ,  ,  ,  , ,  ,  , S (T)
216, t, uo, _1, , m, a, n, _4
 , s, uo, _3, , m, a, n, 
 , S (O),  , S (T), ,  ,  ,  , S (T)
217, k, ai, _3, , n, i, _2, , e, r, _3, , w, o, _4, , s, i, _1
 , k, e, _4, , n, i, _2, , e, r, _3, , w, o, _4, , s, i, 
 ,  , S (N), S (T), ,  ,  ,  , ,  ,  ,  , ,  ,  ,  , ,  ,  , S (T)
218, t, a, _3, , f, u, _2, , n, a, _4
 , t, a, _3, , f, u, _2, , n, a, 
 ,  ,  ,  , ,  ,  ,  , ,  ,  , S (T)
219, l, uo, _2, , s, e, _4, , m, ei, _2, , e, r, _3
 , l, uo, _2, , s, e, _4, , m, ei, _2, , e, r, 
 ,  ,  ,  , ,  ,  ,  , ,  ,  ,  , ,  ,  , S (T)
220, d, ai, _4, , s, i, _1
 , d, e, _2, , s, i, 
 ,  , S (N), S (T), ,  ,  , S (T)
221, k, e, _1, , t, e, _4, , l, a, n, _2
 , k, e, _4, , t, e, _4, , l, a, n, 
 ,  ,  , S (T), ,  ,  ,  , ,  ,  ,  , S (T)
222, h, a, _1, , l, i, _4
 , h, a, _1, , e, r, 
 ,  ,  ,  , , S (O), S (N), S (T)
223, h, e, ng, _1, , x, ie, _4, , e, r, _3
 , h, e, ng, _1, , *, *, *, , sh, *, 
 ,  ,  ,  ,  , , D (O), D (N), D (T), ,  , D (C), S (T)
224, s, ai, _4, , e, r, _3, , n, i, _2
 , s, ai, _4, , *, *, *, , n, i, 
 ,  ,  ,  , , D (N), D (C), D (T), ,  ,  , S (T)
225, sh, a, _1, , m, u, _3, , h, a, _1, , t, e, _4
 , x, a, _1, , m, u, _3, , h, a, _1, , t, e, 
 , S (O),  ,  , ,  ,  ,  , ,  ,  ,  , ,  ,  , S (T)
226, s, ai, _4, , s, a, _4, , n, i, _2
 , s, i, _1, , s, a, _4, , n, i, 
 ,  , S (N), S (T), ,  ,  ,  , ,  ,  , S (T)
227, f, u, _2, , l, uo, _4, , s, i, _1, , h, ai, _3, , m, u, _3
 , f, u, _2, , l, ei, _2, , *, *, *, , x, ie, _4, , m, u, 
 ,  ,  ,  , ,  , S (N), S (T), , D (O), D (N), D (T), , S (O), S (N), S (T), ,  ,  , S (T)
228, w, o, _4, , e, r, _3, , f, u, _1, , b, i, n, _1
 , w, o, _4, , e, r, _3, , f, u, _1, , b, i, n, 
 ,  ,  ,  , ,  ,  ,  , ,  ,  ,  , ,  ,  ,  , S (T)
229, f, u, _2, , l, a, _1, , d, e, _2
 , f, u, _2, , l, u, _3, , d, e, 
 ,  ,  ,  , ,  , S (N), S (T), ,  ,  , S (T)
230, b, a, _4, , g, e, n, _1, , f, ei, _1, , e, r, _3, , d, e, _2
 , b, a, _4, , g, e, n, _1, , f, ei, _1, , e, r, _3, , d, e, 
 ,  ,  ,  , ,  ,  ,  ,  , ,  ,  ,  , ,  ,  ,  , ,  ,  , S (T)
231, g, e, _2, , l, a, _1, , x, i, n, _1
 , g, e, _2, , l, a, _1, , x, i, n, 
 ,  ,  ,  , ,  ,  ,  , ,  ,  ,  , S (T)
232, s, ai, _4, , t, e, _4, , l, o, ng, _2
 , s, i, _1, , t, e, _4, , l, u, n, 
 ,  , S (N), S (T), ,  ,  ,  , ,  , S (N), S (C), S (T)
233, k, e, _4, , l, uo, _2, , s, i, _1
 , k, e, _4, , l, uo, _2, , s, i, 
 ,  ,  ,  , ,  ,  ,  , ,  ,  , S (T)
234, *, *, *, , w, ei, _2
 , w, ei, _2, , h, e, 
 , I (O), I (N), I (T), , S (O), S (N), S (T)
235, m, ei, _2, , e, r, _3, , ch, e, _4, , t, e, _4
 , m, ei, _2, , e, r, _3, , ch, e, _4, , t, e, 
 ,  ,  ,  , ,  ,  ,  , ,  ,  ,  , ,  ,  , S (T)
236, w, o, _4, , e, r, _3, , f, u, _1, , s, e, n, _1
 , w, o, _4, , *, *, *, , f, u, _2, , s, e, n, 
 ,  ,  ,  , , D (N), D (C), D (T), ,  ,  , S (T), ,  ,  ,  , S (T)
237, a, _1, , l, ai, _2, , w, e, n, _1
 , a, _1, , e, r, _3, , w, e, n, 
 ,  ,  , , S (O), S (N), S (T), ,  ,  ,  , S (T)
238, s, a, ng, _1, , *, *, *, , q, iao, _2, , zh, i, _4
 , s, a, ng, _1, , g, i, _1, , *, ao, _4, , g, i, 
 ,  ,  ,  ,  , , I (O), I (N), I (T), , D (O), S (N), S (T), , S (O),  , S (T)
239, k, a, _3, , l, a, _1, , d, e, ng, _1
 , k, a, _3, , l, a, _1, , d, e, ng, 
 ,  ,  ,  , ,  ,  ,  , ,  ,  ,  , S (T)
240, l, ai, _2
 , l, ai, 
 ,  ,  , S (T)
241, a, _1, , k, e, _4
 , a, _1, , k, e, 
 ,  ,  , ,  ,  , S (T)
242, *, *, *, , n, uo, _4, , e, r, _3, , s, i, _1
 , k, e, _4, , n, uo, _4, , e, r, _3, , s, i, 
 , I (O), I (N), I (T), ,  ,  ,  , ,  ,  ,  , ,  ,  , S (T)
243, x, ie, _4, , l, a, _1
 , x, ie, _4, , l, a, 
 ,  ,  ,  , ,  ,  , S (T)
244, ai, _1, , k, e, _4
 , i, _1, , k, e, 
 , S (N),  , ,  ,  , S (T)
245, k, e, _4, , l, i, _3, , s, i, _1, , t, a, n, _3, , s, e, n, _1
 , k, e, _4, , l, i, _1, , s, i, _1, , t, e, ng, _2, , s, e, n, 
 ,  ,  ,  , ,  ,  , S (T), ,  ,  ,  , ,  , S (N), S (C), S (T), ,  ,  ,  , S (T)
246, b, a, _1, , g, e, n, _1
 , b, a, _4, , g, e, n, 
 ,  ,  , S (T), ,  ,  ,  , S (T)
247, l, i, _4, , *, *, *, , d, e, _2, , e, r, _3
 , l, i, _3, , d, e, _2, , d, e, _2, , e, r, 
 ,  ,  , S (T), , I (O), I (N), I (T), ,  ,  ,  , ,  ,  , S (T)
248, m, a, _3, , g, e, _1, , l, i, _4, , s, i, _1
 , m, a, _3, , g, e, _2, , l, i, _1, , s, i, 
 ,  ,  ,  , ,  ,  , S (T), ,  ,  , S (T), ,  ,  , S (T)
249, h, a, _1, , b, a, _4, , k, e, n, _3
 , h, a, _1, , b, a, _4, , k, e, n, 
 ,  ,  ,  , ,  ,  ,  , ,  ,  ,  , S (T)
250, w, ei, _2, , l, i, _3, , k, e, _4
 , f, u, _2, , l, ei, _2, , k, e, 
 , S (O), S (N),  , ,  , S (N), S (T), ,  ,  , S (T)
251, w, ei, _2, , l, ai, _2, , l, a, _1
 , w, ei, _2, , e, r, _3, , l, a, 
 ,  ,  ,  , , S (O), S (N), S (T), ,  ,  , S (T)
252, h, e, _4, , *, *, *, , l, i, _4, , t, e, _4
 , h, e, _4, , e, r, _3, , e, r, _3, , t, e, 
 ,  ,  ,  , , I (N), I (C), I (T), , S (O), S (N), S (T), ,  ,  , S (T)
253, b, i, _3, , f, u, _2
 , b, i, _3, , f, u, 
 ,  ,  ,  , ,  ,  , S (T)
254, f, u, _2, , l, a, _1, , s, i, _1
 , f, u, _2, , l, a, _1, , s, i, 
 ,  ,  ,  , ,  ,  ,  , ,  ,  , S (T)
255, x, iao, _1, , t, e, _4, , l, i, _4
 , sh, uo, _4, , t, e, _4, , l, i, 
 , S (O), S (N), S (T), ,  ,  ,  , ,  ,  , S (T)
256, b, a, _1, , l, i, _3
 , b, a, _4, , l, i, 
 ,  ,  , S (T), ,  ,  , S (T)
257, w, e, n, _1, , t, e, _4
 , w, e, n, _1, , t, e, 
 ,  ,  ,  ,  , ,  ,  , S (T)
258, b, ei, _4, , l, i, _3, , g, e, _2, , m, u, _3
 , b, a, _4, , l, i, _4, , j, ia, _1, , m, u, 
 ,  , S (N),  , ,  ,  , S (T), , S (O), S (N), S (T), ,  ,  , S (T)
259, p, a, _4, , l, a, n, _2
 , p, a, _4, , l, a, n, 
 ,  ,  ,  , ,  ,  ,  , S (T)
260, b, u, _4, , l, ai, _4, , t, e, ng, _2, , b, a, _1, , h, e, _4
 , b, u, _4, , l, ai, _2, , t, e, ng, _2, , b, a, _1, , k, e, 
 ,  ,  ,  , ,  ,  , S (T), ,  ,  ,  ,  , ,  ,  ,  , , S (O),  , S (T)
261, j, ie, _2, , k, e, _4, , e, r, _3
 , j, i, _1, , k, e, _4, , e, r, 
 ,  , S (N), S (T), ,  ,  ,  , ,  ,  , S (T)
262, k, e, n, _3, , l, a, n, _2
 , k, e, n, _3, , l, i, n, 
 ,  ,  ,  ,  , ,  , S (N),  , S (T)
263, ai, _1, , k, e, _4, , l, i, n, _2
 , ai, _4, , k, e, _4, , l, i, n, 
 ,  , S (T), ,  ,  ,  , ,  ,  ,  , S (T)
264, z, e, _2, , l, ei, _1, , s, i, _1
 , z, e, _2, , l, ei, _2, , s, i, 
 ,  ,  ,  , ,  ,  , S (T), ,  ,  , S (T)
265, l, uo, _2, , x, i, _1, , t, e, _4
 , l, uo, _2, , x, i, _1, , t, e, 
 ,  ,  ,  , ,  ,  ,  , ,  ,  , S (T)
266, b, a, _4, , *, *, *, , l, i, n, _2, , d, u, n, _4
 , b, a, _4, , e, r, _3, , l, i, n, _2, , d, u, n, 
 ,  ,  ,  , , I (N), I (C), I (T), ,  ,  ,  ,  , ,  ,  ,  , S (T)
267, h, ei, _1, , z, i, _1, , l, i, _4, , t, e, _4
 , h, a, _1, , z, i, _1, , e, r, _3, , t, e, 
 ,  , S (N),  , ,  ,  ,  , , S (O), S (N), S (T), ,  ,  , S (T)
268, l, ai, _2, , w, u, _3, , d, e, _2
 , l, i, _3, , w, u, _3, , d, e, 
 ,  , S (N), S (T), ,  ,  ,  , ,  ,  , S (T)
269, p, i, _2, , k, e, _1, , k, e, _4
 , p, ei, _4, , k, e, _4, , k, e, 
 ,  , S (N), S (T), ,  ,  , S (T), ,  ,  , S (T)
270, y, i, _1, , s, i, _1, , t, e, _4, , *, *, *, , d, i, _2
 , y, i, _1, , s, i, _1, , t, e, _4, , d, a, _2, , y, i, 
 ,  ,  ,  , ,  ,  ,  , ,  ,  ,  , , I (O), I (N), I (T), , S (O),  , S (T)
271, x, i, _1, , b, ei, _4, , l, a, _1
 , x, i, _1, , b, ei, _4, , l, a, 
 ,  ,  ,  , ,  ,  ,  , ,  ,  , S (T)
272, g, e, _2, , s, i, _1, , t, e, ng, _2, , z, a, n, _4
 , g, e, _2, , s, i, _1, , t, e, ng, _2, , zh, a, n, 
 ,  ,  ,  , ,  ,  ,  , ,  ,  ,  ,  , , S (O),  ,  , S (T)
273, f, u, _2, , k, e, _4
 , f, u, _2, , k, e, 
 ,  ,  ,  , ,  ,  , S (T)
274, l, i, n, _2, , k, e, n, _3, , b, a, _1, , k, e, _4
 , l, i, n, _2, , k, e, n, _3, , b, a, _4, , k, e, 
 ,  ,  ,  ,  , ,  ,  ,  ,  , ,  ,  , S (T), ,  ,  , S (T)
275, h, ei, _1, , e, r, _3, , s, i, _1
 , h, a, _1, , l, ei, _1, , s, i, 
 ,  , S (N),  , , S (N), S (C), S (T), ,  ,  , S (T)
276, b, a, _1, , k, e, _1, , *, *, *, , c, i, _2
 , b, a, _4, , k, e, _4, , t, e, _4, , s, i, 
 ,  ,  , S (T), ,  ,  , S (T), , I (O), I (N), I (T), , S (O),  , S (T)
277, n, uo, _4, , k, e, _4
 , n, uo, _4, , k, e, 
 ,  ,  ,  , ,  ,  , S (T)
278, g, e, _2, , l, i, _3, , f, u, _1, , s, i, _1
 , g, e, _2, , l, i, _3, , f, u, _2, , s, i, 
 ,  ,  ,  , ,  ,  ,  , ,  ,  , S (T), ,  ,  , S (T)
279, y, ue, _1, , k, a, _3, , m, u, _3
 , *, ao, _4, , k, a, _3, , m, u, 
 , D (O), S (N), S (T), ,  ,  ,  , ,  ,  , S (T)
280, ao, _4, , e, r, _3, , g, u, _3, , d, e, _2
 , a, _1, , e, r, _3, , g, u, _3, , d, e, 
 , S (N), S (T), ,  ,  ,  , ,  ,  ,  , ,  ,  , S (T)
281, a, n, _1, , *, *, *, , b, u, _4, , e, r, _3
 , a, *, _1, , m, u, _3, , b, u, _4, , l, ei, 
 ,  , D (C),  , , I (O), I (N), I (T), ,  ,  ,  , , S (N), S (C), S (T)
282, d, i, _2, , j, i, n, _1, , s, e, n, _1
 , d, i, _2, , j, i, n, _1, , s, e, n, 
 ,  ,  ,  , ,  ,  ,  ,  , ,  ,  ,  , S (T)
283, p, a, _4, , l, uo, _4
 , p, a, _4, , l, uo, 
 ,  ,  ,  , ,  ,  , S (T)
284, b, a, _1, , x, i, n, _1
 , b, a, _4, , x, i, n, 
 ,  ,  , S (T), ,  ,  ,  , S (T)
285, l, a, n, _2, , *, *, *, , b, a, _4, , t, e, _4
 , l, a, *, _1, , m, u, _3, , b, a, _4, , t, e, 
 ,  ,  , D (C), S (T), , I (O), I (N), I (T), ,  ,  ,  , ,  ,  , S (T)
286, ao, _4, , m, i, _3, , l, i, _4, , y, a, _4
 , ao, _4, , m, i, _3, , l, i, _1, , *, a, 
 ,  ,  , ,  ,  ,  , ,  ,  , S (T), , D (O),  , S (T)
287, y, i, _1, , sh, a, _1, , b, ei, _4, , e, r, _3
 , y, i, _1, , s, a, _4, , b, ei, _4, , e, r, 
 ,  ,  ,  , , S (O),  , S (T), ,  ,  ,  , ,  ,  , S (T)
288, j, i, _1, , k, e, _4, , s, i, _1, , m, i, _3, , l, ei, _1
 , j, i, _1, , k, e, _4, , *, *, *, , m, i, _3, , l, ei, 
 ,  ,  ,  , ,  ,  ,  , , D (O), D (N), D (T), ,  ,  ,  , ,  ,  , S (T)
289, b, u, _4, , l, ei, _2, , s, i, _1, , n, a, _4, , h, a, n, _4
 , b, u, _4, , l, ei, _2, , *, *, *, , n, a, _4, , h, a, n, 
 ,  ,  ,  , ,  ,  ,  , , D (O), D (N), D (T), ,  ,  ,  , ,  ,  ,  , S (T)
290, s, a, _4, , *, *, *, , m, e, ng, _2
 , s, a, _4, , e, r, _3, , m, e, ng, 
 ,  ,  ,  , , I (N), I (C), I (T), ,  ,  ,  , S (T)
291, s, a, _1, , q, ie, _1, , e, r, _3
 , s, a, _4, , *, *, *, , ch, *, 
 ,  ,  , S (T), , D (O), D (N), D (T), ,  , D (C), S (T)
292, j, i, _1, , l, i, _4
 , j, i, _1, , l, i, 
 ,  ,  ,  , ,  ,  , S (T)
293, j, i, _2, , m, i, _3, , n, i, _2
 , j, i, _1, , m, i, _3, , n, i, 
 ,  ,  , S (T), ,  ,  ,  , ,  ,  , S (T)
294, w, ei, _1, , ch, e, _4
 , w, ei, _2, , ch, e, 
 ,  ,  , S (T), ,  ,  , S (T)
295, k, e, _4, , l, a, ng, _3, , c, i, _2
 , k, e, _4, , l, a, ng, _3, , c, i, 
 ,  ,  ,  , ,  ,  ,  ,  , ,  ,  , S (T)
296, f, ei, _1, , c, i, _2, , x, i, _1, , m, e, ng, _2, , s, i, _1
 , f, ei, _1, , c, i, _2, , x, i, _1, , m, e, ng, _2, , s, i, 
 ,  ,  ,  , ,  ,  ,  , ,  ,  ,  , ,  ,  ,  ,  , ,  ,  , S (T)
297, a, n, _1, , sh, e, n, _1
 , a, n, _1, , sh, e, n, 
 ,  ,  ,  , ,  ,  ,  , S (T)
298, a, _1, , g, e, _2, , l, o, ng, _2, , s, i, _1, , j, i, _1
 , a, _1, , g, e, _2, , l, u, n, _2, , s, i, _1, , j, i, 
 ,  ,  , ,  ,  ,  , ,  , S (N), S (C),  , ,  ,  ,  , ,  ,  , S (T)
299, k, e, n, _3, , d, u, n, _4
 , k, e, n, _3, , d, u, n, 
 ,  ,  ,  ,  , ,  ,  ,  , S (T)
300, p, e, ng, _2, , n, i, _2, , p, a, _4, , k, e, _4
 , p, e, ng, _2, , n, i, _2, , p, a, _4, , k, e, 
 ,  ,  ,  ,  , ,  ,  ,  , ,  ,  ,  , ,  ,  , S (T)
301, p, a, _4, , m, u, _4, , e, r, _3
 , p, a, _4, , m, u, _3, , e, r, 
 ,  ,  ,  , ,  ,  , S (T), ,  ,  , S (T)
302, w, o, _4, , e, r, _3, , m, a, n, _4
 , w, o, _4, , *, *, *, , m, a, n, 
 ,  ,  ,  , , D (N), D (C), D (T), ,  ,  ,  , S (T)
303, l, u, n, _2, , f, u, _2, , l, u, _3
 , l, u, n, _2, , f, u, _1, , l, ei, 
 ,  ,  ,  ,  , ,  ,  , S (T), ,  , S (N), S (T)
304, f, u, _2, , l, ei, _1
 , f, u, _2, , l, ei, 
 ,  ,  ,  , ,  ,  , S (T)
305, s, a, _4, , e, r, _3, , z, i, _1, , b, i, _3
 , s, a, _4, , e, r, _3, , z, i, _1, , b, i, 
 ,  ,  ,  , ,  ,  ,  , ,  ,  ,  , ,  ,  , S (T)
306, d, a, _2, , l, a, _1, , m, o, _4, , e, r, _3
 , d, a, _2, , l, a, _1, , m, o, _4, , l, ei, 
 ,  ,  ,  , ,  ,  ,  , ,  ,  ,  , , S (N), S (C), S (T)
307, g, e, _2, , l, i, _3, , d, e, _2, , e, r, _3
 , g, e, _2, , l, i, _3, , d, e, _2, , e, r, 
 ,  ,  ,  , ,  ,  ,  , ,  ,  ,  , ,  ,  , S (T)
308, d, a, _2, , d, e, _2, , l, i, _4
 , d, a, _2, , d, e, _2, , l, i, 
 ,  ,  ,  , ,  ,  ,  , ,  ,  , S (T)
309, m, a, _3, , s, i, _1, , t, e, _4
 , m, a, _3, , s, i, _1, , t, e, 
 ,  ,  ,  , ,  ,  ,  , ,  ,  , S (T)
310, j, i, n, _1, , s, i, _1, , b, a, _4, , g, e, _2
 , j, i, n, _1, , s, i, _1, , b, a, _4, , g, e, 
 ,  ,  ,  ,  , ,  ,  ,  , ,  ,  ,  , ,  ,  , S (T)
311, k, e, _1, , d, e, _2, , s, i, _1
 , k, e, _4, , d, e, _2, , s, i, 
 ,  ,  , S (T), ,  ,  ,  , ,  ,  , S (T)
312, s, a, _4, , n, i, _2, , y, a, _4, , t, e, _4
 , s, a, _4, , n, i, _2, , *, a, _1, , t, e, 
 ,  ,  ,  , ,  ,  ,  , , D (O),  , S (T), ,  ,  , S (T)
313, k, a, _3, , *, *, *, , l, uo, _4
 , k, a, _3, , e, r, _3, , l, uo, 
 ,  ,  ,  , , I (N), I (C), I (T), ,  ,  , S (T)
314, l, uo, _2, , l, i, _4, , *, *, *, , t, e, _4
 , l, uo, _2, , w, o, _4, , e, r, _3, , t, e, 
 ,  ,  ,  , , S (O), S (N),  , , I (N), I (C), I (T), ,  ,  , S (T)
315, l, uo, _4, , t, uo, _1, , j, i, _1
 , l, uo, _2, , t, uo, _1, , j, i, 
 ,  ,  , S (T), ,  ,  ,  , ,  ,  , S (T)
316, m, a, n, _4, , d, e, _2, , e, r, _3, , b, ao, _4, , m, u, _3
 , m, a, n, _4, , d, e, _2, , e, r, _3, , b, ao, _4, , m, u, 
 ,  ,  ,  ,  , ,  ,  ,  , ,  ,  ,  , ,  ,  ,  , ,  ,  , S (T)
317, k, e, _1, , k, e, _4, , s, i, _1
 , k, e, _4, , k, e, _4, , s, i, 
 ,  ,  , S (T), ,  ,  ,  , ,  ,  , S (T)
318, l, ao, _2, , f, u, _1
 , l, u, _3, , f, u, 
 ,  , S (N), S (T), ,  ,  , S (T)
319, s, i, _1, , j, i, _1, , p, u, _3
 , s, i, _1, , j, i, _1, , p, u, 
 ,  ,  ,  , ,  ,  ,  , ,  ,  , S (T)
320, h, ao, _2, , s, i, _1, , h, uo, _4, , e, r, _3, , d, e, _2
 , h, uo, _4, , s, i, _1, , h, uo, _4, , e, r, _3, , d, e, 
 ,  , S (N), S (T), ,  ,  ,  , ,  ,  ,  , ,  ,  ,  , ,  ,  , S (T)
321, a, _1, , d, e, _2, , l, i, _3
 , a, _1, , d, e, _2, , l, i, 
 ,  ,  , ,  ,  ,  , ,  ,  , S (T)
322, a, _1, , b, u, _4, , l, o, ng, _2
 , a, _1, , b, u, _4, , l, a, ng, 
 ,  ,  , ,  ,  ,  , ,  , S (N),  , S (T)
323, g, e, _1, , *, *, *, , d, e, _2, , b, a, _4, , *, *, *, , l, ei, _1
 , g, e, _2, , e, r, _3, , d, e, _2, , b, a, _4, , l, u, _3, , t, e, 
 ,  ,  , S (T), , I (N), I (C), I (T), ,  ,  ,  , ,  ,  ,  , , I (O), I (N), I (T), , S (O), S (N), S (T)
324, k, a, _3, , l, a, _1, , w, ei, _2
 , k, a, _3, , l, a, _1, , w, ei, 
 ,  ,  ,  , ,  ,  ,  , ,  ,  , S (T)
325, ao, _4, , p, u, _3, , l, ei, _1
 , ao, _4, , p, u, _3, , l, ei, 
 ,  ,  , ,  ,  ,  , ,  ,  , S (T)
326, m, o, _4, , d, i, ng, _1
 , m, o, _4, , d, i, ng, 
 ,  ,  ,  , ,  ,  ,  , S (T)
327, m, ei, _2, , z, e, _2
 , m, ai, _4, , s, e, 
 ,  , S (N), S (T), , S (O),  , S (T)
328, m, ai, _4, , g, e, _2, , l, i, _3, , e, r, _3
 , m, u, _3, , g, e, _2, , l, i, _1, , e, r, 
 ,  , S (N), S (T), ,  ,  ,  , ,  ,  , S (T), ,  ,  , S (T)
329, k, e, _1, , *, *, *, , sh, e, n, _2
 , k, e, _4, , s, i, _1, , h, e, *, 
 ,  ,  , S (T), , I (O), I (N), I (T), , S (O),  , D (C), S (T)
330, q, iao, _2, , n, a, _4
 , k, a, _3, , n, a, 
 , S (O), S (N), S (T), ,  ,  , S (T)
331, p, i, _2, , *, *, *, , k, e, _4, , s, i, _1, , j, i, _2, , e, r, _3
 , p, i, _2, , k, e, _4, , k, e, _4, , s, i, _1, , j, i, _1, , e, r, 
 ,  ,  ,  , , I (O), I (N), I (T), ,  ,  ,  , ,  ,  ,  , ,  ,  , S (T), ,  ,  , S (T)
332, x, i, _1, , l, i, _4, , e, r, _3
 , x, i, _1, , l, i, _4, , y, *, 
 ,  ,  ,  , ,  ,  ,  , ,  , D (C), S (T)
333, k, e, _1, , l, i, _3, , d, e, ng, _1
 , k, e, _4, , l, i, _1, , d, e, ng, 
 ,  ,  , S (T), ,  ,  , S (T), ,  ,  ,  , S (T)
334, m, ai, _4, , k, e, n, _3, , q, i, _2
 , m, a, _3, , k, e, n, _3, , q, i, 
 ,  , S (N), S (T), ,  ,  ,  ,  , ,  ,  , S (T)
335, h, e, _4, , *, *, *, , *, *, *, , c, i, _2
 , h, e, _4, , l, ei, _2, , t, e, _4, , z, i, 
 ,  ,  ,  , , I (O), I (N), I (T), , I (O), I (N), I (T), , S (O),  , S (T)
336, f, u, _2, , l, a, ng, _3, , g, e, _1
 , f, u, _2, , l, a, n, _2, , k, e, 
 ,  ,  ,  , ,  ,  , S (C), S (T), , S (O),  , S (T)
337, m, a, _3, , y, e, _1, , e, r, _3
 , m, ai, _4, , *, *, *, , e, r, 
 ,  , S (N), S (T), , D (O), D (N), D (T), ,  ,  , S (T)
338, w, u, _1, , l, ei, _2, , *, *, *, , c, i, _2
 , *, e, _4, , l, ei, _2, , t, e, _4, , z, i, 
 , D (O), S (N), S (T), ,  ,  ,  , , I (O), I (N), I (T), , S (O),  , S (T)
339, f, ei, _4, , d, e, ng, _1
 , f, ei, _4, , d, e, ng, 
 ,  ,  ,  , ,  ,  ,  , S (T)
340, *, *, *, , h, ai, _3, , s, uo, _3
 , x, i, _1, , t, e, _4, , s, a, 
 , I (O), I (N), I (T), , S (O), S (N), S (T), ,  , S (N), S (T)
341, x, i, _1, , d, e, _2, , n, uo, _4
 , x, i, _1, , d, e, _2, , n, uo, 
 ,  ,  ,  , ,  ,  ,  , ,  ,  , S (T)
342, s, i, _1, , m, ei, _2, , b, i, _3
 , s, i, _1, , m, a, _3, , b, i, 
 ,  ,  ,  , ,  , S (N), S (T), ,  ,  , S (T)
343, s, i, _1, , k, e, _4, , l, i, _3, , p, u, _3, , s, i, _1
 , s, i, _1, , k, e, _4, , l, i, _3, , p, u, _3, , s, i, 
 ,  ,  ,  , ,  ,  ,  , ,  ,  ,  , ,  ,  ,  , ,  ,  , S (T)
344, f, ei, _4, , n, i, ng, _2, , g, e, _2
 , f, ei, _1, , n, i, ng, _2, , g, e, 
 ,  ,  , S (T), ,  ,  ,  ,  , ,  ,  , S (T)
345, k, ui, _2, , e, r, _3, , s, i, _1
 , k, ua, _1, , e, r, _3, , s, i, 
 ,  , S (N), S (T), ,  ,  ,  , ,  ,  , S (T)
346, j, i, _2, , e, r, _3, , s, i, _1
 , j, i, _1, , e, r, _3, , s, i, 
 ,  ,  , S (T), ,  ,  ,  , ,  ,  , S (T)
347, b, o, _1, , y, i, _1, , n, i, ng, _2, , s, i, _1
 , b, o, _1, , y, i, _1, , y, i, n, _1, , s, i, 
 ,  ,  ,  , ,  ,  ,  , , S (O),  , S (C), S (T), ,  ,  , S (T)
348, w, ei, _2, , k, e, _4, , s, i, _1, , t, a, _3, , *, *, *, , f, u, _1
 , w, ei, _2, , k, e, _4, , s, i, _1, , t, a, _3, , f, u, _1, , f, u, 
 ,  ,  ,  , ,  ,  ,  , ,  ,  ,  , ,  ,  ,  , , I (O), I (N), I (T), ,  ,  , S (T)
349, w, o, _4, , e, r, _3, , s, i, _1, , t, e, _4, , *, *, *, , l, o, ng, _2
 , w, o, _4, , e, r, _3, , s, i, _1, , t, e, _4, , l, uo, _2, , *, m, u, 
 ,  ,  ,  , ,  ,  ,  , ,  ,  ,  , ,  ,  ,  , , I (O), I (N), I (T), , D (O), S (N), S (C), S (T)
350, k, e, _1, , l, i, _4, , p, u, _3
 , k, e, _4, , l, i, _3, , p, u, 
 ,  ,  , S (T), ,  ,  , S (T), ,  ,  , S (T)
351, l, a, n, _2, , x, i, n, _1
 , l, a, n, _2, , x, i, n, 
 ,  ,  ,  ,  , ,  ,  ,  , S (T)
352, l, iu, _2, , y, i, _4, , s, i, _1
 , e, r, _3, , w, ei, _2, , s, i, 
 , S (O), S (N), S (T), , S (O), S (N), S (T), ,  ,  , S (T)
353, zh, u, _1, , m, u, _3, , s, i, _1, , t, a, n, _3
 , zh, u, _1, , m, u, _3, , s, i, _1, , t, e, ng, 
 ,  ,  ,  , ,  ,  ,  , ,  ,  ,  , ,  , S (N), S (C), S (T)
354, f, ei, _4, , d, e, ng, _1, , l, ei, _2, , k, e, _4, , t, e, _4
 , f, a, _3, , d, e, ng, _1, , l, ei, _1, , k, e, _4, , t, e, 
 ,  , S (N), S (T), ,  ,  ,  ,  , ,  ,  , S (T), ,  ,  ,  , ,  ,  , S (T)
355, x, i, _1, , *, *, *, , q, i, _2, , w, ei, _1, , k, e, _4
 , x, i, _1, , d, e, _2, , g, e, _2, , w, ei, _2, , k, e, 
 ,  ,  ,  , , I (O), I (N), I (T), , S (O), S (N),  , ,  ,  , S (T), ,  ,  , S (T)
356, k, e, _1, , p, e, ng, _2, , h, a, _1, , f, u, _2
 , k, e, _4, , p, e, ng, _2, , h, a, _1, , f, u, 
 ,  ,  , S (T), ,  ,  ,  ,  , ,  ,  ,  , ,  ,  , S (T)
357, k, u, _4, , l, uo, _2
 , k, a, _3, , l, ao, 
 ,  , S (N), S (T), ,  , S (N), S (T)
358, zh, u, _1, , e, _4, , e, r, _3
 , j, ie, _2, , w, _2, , e, r, 
 , S (O), S (N), S (T), , S (N), S (T), ,  ,  , S (T)
359, x, ie, _4, , d, e, _2, , l, a, _1, , k, e, _4
 , x, a, _1, , d, e, _2, , l, a, _1, , k, e, 
 ,  , S (N), S (T), ,  ,  ,  , ,  ,  ,  , ,  ,  , S (T)
360, k, e, _4, , l, i, n, _2, , g, e, _2
 , k, e, _4, , l, i, n, _2, , g, e, 
 ,  ,  ,  , ,  ,  ,  ,  , ,  ,  , S (T)
361, e, _4, , k, e, _4, , *, *, *, , t, e, _4
 , e, _4, , k, ui, _2, , h, a, _1, , t, e, 
 ,  ,  , ,  , S (N), S (T), , I (O), I (N), I (T), ,  ,  , S (T)
362, d, a, n, _1, , k, e, _4, , t, e, _4
 , d, a, n, _1, , k, e, _4, , t, e, 
 ,  ,  ,  ,  , ,  ,  ,  , ,  ,  , S (T)
363, h, e, _4, , b, ei, _4, , q, i, _2
 , h, e, _4, , b, a, _4, , g, i, 
 ,  ,  ,  , ,  , S (N),  , , S (O),  , S (T)
364, k, a, _3, , e, r, _3, , f, u, _2, , t, e, _4
 , k, a, _3, , e, r, _3, , f, u, _2, , t, e, 
 ,  ,  ,  , ,  ,  ,  , ,  ,  ,  , ,  ,  , S (T)
365, a, _1, , l, i, _4, , k, e, _4
 , a, _1, , l, i, _4, , k, e, 
 ,  ,  , ,  ,  ,  , ,  ,  , S (T)
366, k, ao, _3, , l, i, _4
 , k, e, _4, , l, i, 
 ,  , S (N), S (T), ,  ,  , S (T)
367, h, a, n, _4, , *, *, *, , b, u, _4, , l, i, _3, , k, e, _4
 , h, a, *, _1, , m, u, _3, , b, u, _4, , l, i, _3, , k, e, 
 ,  ,  , D (C), S (T), , I (O), I (N), I (T), ,  ,  ,  , ,  ,  ,  , ,  ,  , S (T)
368, m, ai, _4, , k, e, _4, , f, u, _2, , s, e, n, _1
 , m, a, _3, , *, *, *, , f, ei, _1, , s, e, n, 
 ,  , S (N), S (T), , D (O), D (N), D (T), ,  , S (N), S (T), ,  ,  ,  , S (T)
369, d, a, _2, , *, *, *, , p, i, ng, _2
 , d, a, _2, , p, u, _3, , p, i, ng, 
 ,  ,  ,  , , I (O), I (N), I (T), ,  ,  ,  , S (T)
370, d, e, _2, , *, *, *, , b, ai, _4
 , d, e, _2, , b, i, _3, , *, ai, 
 ,  ,  ,  , , I (O), I (N), I (T), , D (O),  , S (T)
371, f, u, _2, , m, u, _3
 , f, ei, _4, , m, u, 
 ,  , S (N), S (T), ,  ,  , S (T)
372, b, a, _1, , s, i, _1, , j, i, _1
 , b, a, _4, , s, i, _1, , j, i, 
 ,  ,  , S (T), ,  ,  ,  , ,  ,  , S (T)
373, h, e, ng, _1, , d, e, _2, , e, r, _3
 , h, e, ng, _1, , d, e, _2, , e, r, 
 ,  ,  ,  ,  , ,  ,  ,  , ,  ,  , S (T)
374, p, i, _2, , *, *, *, , d, uo, _1, , k, e, _4
 , p, i, _2, , d, e, _2, , d, uo, _1, , k, e, 
 ,  ,  ,  , , I (O), I (N), I (T), ,  ,  ,  , ,  ,  , S (T)
375, l, uo, _2, , b, a, _1, , s, e, n, _1
 , l, uo, _2, , b, a, _4, , s, e, n, 
 ,  ,  ,  , ,  ,  , S (T), ,  ,  ,  , S (T)
376, p, i, _2, , g, e, _2
 , p, i, _2, , g, e, 
 ,  ,  ,  , ,  ,  , S (T)
377, w, o, _4, , e, r, _3, , *, *, *, , s, a, _4, , m, u, _3
 , w, a, _3, , e, r, _3, , t, e, _4, , h, a, _1, , m, u, 
 ,  , S (N), S (T), ,  ,  ,  , , I (O), I (N), I (T), , S (O),  , S (T), ,  ,  , S (T)
378, g, ai, _4, , e, r, _3, , n, a, _4
 , g, i, _1, , e, r, _3, , n, a, 
 ,  , S (N), S (T), ,  ,  ,  , ,  ,  , S (T)
379, f, u, _2, , l, uo, _2, , l, ei, _1
 , f, u, _2, , l, uo, _2, , l, ei, 
 ,  ,  ,  , ,  ,  ,  , ,  ,  , S (T)
380, b, i, _3, , e, r, _3
 , b, i, _3, , e, r, 
 ,  ,  ,  , ,  ,  , S (T)
381, k, ai, _3, , d, i, _4
 , k, a, _3, , d, i, 
 ,  , S (N),  , ,  ,  , S (T)
382, h, ai, _3, , y, i, n, _1, , b, a, _4, , g, e, _2
 , h, e, _4, , y, i, n, _1, , b, a, _4, , g, e, 
 ,  , S (N), S (T), ,  ,  ,  ,  , ,  ,  ,  , ,  ,  , S (T)
383, ai, _1, , s, ai, _4, , l, i, n, _2, , d, a, _2
 , ai, _1, , s, i, _1, , l, i, n, _2, , d, a, 
 ,  ,  , ,  , S (N), S (T), ,  ,  ,  ,  , ,  ,  , S (T)
384, f, u, _2, , l, u, _2, , e, r, _3
 , f, u, _2, , l, u, _3, , *, ao, 
 ,  ,  ,  , ,  ,  , S (T), , D (N), S (C), S (T)
385, b, u, _4, , l, i, _4, , c, i, _2, , s, i, _1, , t, a, n, _3
 , b, u, _4, , l, i, _3, , c, i, _2, , s, i, _1, , t, e, ng, 
 ,  ,  ,  , ,  ,  , S (T), ,  ,  ,  , ,  ,  ,  , ,  , S (N), S (C), S (T)
386, p, i, _2, , k, e, _4, , l, ei, _2, , e, r, _3
 , p, i, _2, , k, e, _4, , l, ei, _2, , e, r, 
 ,  ,  ,  , ,  ,  ,  , ,  ,  ,  , ,  ,  , S (T)
387, f, a, n, _4, , p, a, _4, , *, *, , s, e, n, _1
 , f, a, n, _4, , p, a, _4, , a, _1, , s, e, n, 
 ,  ,  ,  ,  , ,  ,  ,  , , I (N), I (T), ,  ,  ,  , S (T)
388, a, _1, , s, i, _1, , t, e, _4
 , a, _1, , s, i, _1, , t, e, 
 ,  ,  , ,  ,  ,  , ,  ,  , S (T)
389, l, a, n, _2, , j, ie, _2
 , l, a, n, _2, , g, e, 
 ,  ,  ,  ,  , , S (O), S (N), S (T)
390, k, e, _1, , t, e, _4, , l, i, _3, , e, r, _3
 , k, e, _4, , t, e, _4, , l, i, _1, , e, r, 
 ,  ,  , S (T), ,  ,  ,  , ,  ,  , S (T), ,  ,  , S (T)
391, k, e, _4, , l, i, n, _2, , *, *, *, , m, a, n, _4
 , k, e, _4, , l, i, n, _2, , g, e, _2, , m, a, n, 
 ,  ,  ,  , ,  ,  ,  ,  , , I (O), I (N), I (T), ,  ,  ,  , S (T)
392, k, a, n, _3, , t, e, _4, , n, a, _4
 , k, a, n, _3, , t, e, _4, , n, a, 
 ,  ,  ,  ,  , ,  ,  ,  , ,  ,  , S (T)
393, w, ei, _2, , s, e, _4, , b, a, _4, , e, n, _1
 , w, ei, _2, , s, e, _4, , b, a, _4, , e, n, 
 ,  ,  ,  , ,  ,  ,  , ,  ,  ,  , ,  ,  , S (T)
394, f, ei, _4, , l, ei, _2
 , f, ei, _4, , l, ei, 
 ,  ,  ,  , ,  ,  , S (T)
395, g, u, _3, , t, e, _4, , s, i, _1, , t, a, _3, , t, e, _4
 , g, u, _3, , t, e, _4, , s, i, _1, , t, a, _3, , t, e, 
 ,  ,  ,  , ,  ,  ,  , ,  ,  ,  , ,  ,  ,  , ,  ,  , S (T)
396, n, a, _4, , s, i, _1, , t, e, _4
 , n, a, _4, , s, i, _1, , t, e, 
 ,  ,  ,  , ,  ,  ,  , ,  ,  , S (T)
397, b, a, n, _1, , d, i, _4
 , b, a, n, _1, , t, ai, 
 ,  ,  ,  ,  , , S (O), S (N), S (T)
398, b, u, _4, , l, uo, _2, , k, e, n, _3, , x, i, _1, , e, r, _3
 , b, u, _4, , l, uo, _2, , k, e, n, _3, , x, i, _1, , l, ei, 
 ,  ,  ,  , ,  ,  ,  , ,  ,  ,  ,  , ,  ,  ,  , , S (N), S (C), S (T)
399, sh, ao, _4, , p, u, _3
 , s, uo, _3, , p, u, 
 , S (O), S (N), S (T), ,  ,  , S (T)
400, w, ei, _2, , e, n, _1
 , w, ei, _1, , *, n, 
 ,  ,  , S (T), , D (N),  , S (T)
